Techstack,Links
"React, Node.js, MongoDB",https://careers.google.com/jobs/results/
"iOS, Swift",https://jobs.apple.com/en-in/search
"Cloud, Azure, C#",https://careers.microsoft.com/us/en/search-results
"Java, Distributed Systems",https://www.amazon.jobs/en/search
"Machine Learning, PyTorch",https://careers.meta.com/jobs/
"Backend, Java, Microservices",https://www.netflix.com/jobs
"AI, CUDA, C++",https://careers.nvidia.com/jobs
"Embedded Systems, C",https://careers.intel.com/jobs
"Cloud, Hybrid Systems",https://careers.ibm.com/job
"Database, Java",https://careers.oracle.com/jobs
Embedded Systems,https://careers.qualcomm.com/careers
"Hardware, GPU",https://jobs.amd.com/search-jobs
Analog Design,https://jobs.ti.com/search-jobs
Semiconductors,https://careers.nxp.com/jobs
"Electronics, Firmware",https://careers.st.com/jobs
Signal Processing,https://www.analog.com/en/careers/jobs.html
Networking Chips,https://jobs.broadcom.com/search-jobs
Microcontrollers,https://microchip.wd1.myworkdayjobs.com/microchipcareers
Power Electronics,https://onsemi.wd1.myworkdayjobs.com/en-US/careers
Automotive Electronics,https://www.infineon.com/cms/en/careers/jobsearch/
"Frontend, React",https://careers.adobe.com/us/en/search-results
Cloud SaaS,https://careers.salesforce.com/en/jobs/
FinTech APIs,https://stripe.com/jobs/search
"Backend, Golang",https://www.uber.com/global/en/careers/list/
Fullstack,https://www.airbnb.com/careers
Data Engineering,https://careers.spotify.com/jobs/
DevOps,https://jobs.atlassian.com/search
Cloud Storage,https://careers.dropbox.com/jobs
Communication APIs,https://careers.twilio.com/jobs
E-commerce Platform,https://careers.shopify.com/jobs
Enterprise Software,https://careers.tcs.com/
Digital Services,https://careers.infosys.com/
IT Consulting,https://careers.wipro.com/
Software Services,https://careers.hcltech.com/
Tech Consulting,https://careers.techmahindra.com/
IT Services,https://jobs.cognizant.com/
Consulting,https://www.capgemini.com/careers/
IT Solutions,https://careers.ltimindtree.com/
Product Development,https://jobs.zohocorp.com/
E-commerce,https://careers.flipkart.com/
Food Delivery Tech,https://careers.swiggy.com/
FoodTech,https://careers.zomato.com/
FinTech,https://jobs.razorpay.com/
Startup Tech,https://careers.cred.club/
Payments,https://jobs.paytm.com/
Beauty E-commerce,https://careers.nykaa.com/
Remote Jobs,https://jobs.mehoopanywhere.com/
Startup Jobs,https://angel.co/jobs
Startup Careers,https://wellfound.com/jobs
Startup Hiring,https://www.ycombinator.com/jobs
"Java, Spring Boot, Microservices",https://spring.io/projects/spring-boot
"REST APIs, Backend Development",https://restfulapi.net/
"AWS, Cloud Computing",https://aws.amazon.com/careers/
"Google Cloud, GCP",https://cloud.google.com/careers
"Docker, Kubernetes",https://kubernetes.io/careers/
"DevOps, CI/CD",https://www.jenkins.io/projects/
"Data Engineering, SQL",https://careers.snowflake.com/
"System Design, Distributed Systems",https://github.com/donnemartin/system-design-primer
"Agile, Scrum",https://www.scrum.org/resources/what-is-scrum
"API Development, Backend",https://developer.mozilla.org/en-US/docs/Learn/Server-side
"React, Node.js, MongoDB",https://github.com/yourusername/bike-service-app
"IoT, Embedded C, Sensors",https://github.com/yourusername/smart-bike-system
"AI, Machine Learning",https://github.com/yourusername/ml-project
"Full Stack, MERN",https://github.com/yourusername/fullstack-project
"Networking, TCP/IP, Routing, Switching",https://github.com/yourusername/networking-basics
"Layer 2, EVPN, VPLS, Pseudowire",https://www.cisco.com/c/en/us/solutions/service-provider/evpn.html
"Layer 3, MPLS, IPv4, IPv6, Segment Routing",https://github.com/yourusername/network-protocols
"BGP, Routing Protocols",https://github.com/yourusername/bgp-implementation
"Embedded Systems, C, Firmware",https://github.com/yourusername/embedded-project
"C++, System Programming",https://github.com/yourusername/cpp-project
"Python, Automation, Scripting",https://github.com/yourusername/python-automation
"Linux, Networking Stack",https://github.com/yourusername/linux-networking
"Microservices, Backend Systems",https://github.com/yourusername/backend-project
"Distributed Systems, System Design",https://github.com/yourusername/system-design
"DevOps, CI/CD, Testing",https://github.com/yourusername/devops-project
"Docker, Kubernetes",https://github.com/yourusername/container-project
"Network Security, ACLs",https://github.com/yourusername/security-project
"GRE, Tunneling Protocols",https://github.com/yourusername/network-tunneling
"Data Plane, Packet Processing",https://github.com/yourusername/packet-processing
"Signal Processing, Communication Systems",https://github.com/yourusername/signal-processing
"IoT, Embedded C, Sensors",https://github.com/yourusername/iot-project

